财经,0,http://finance.sina.cn/?vt=4&pos=108
体育,1,https://sports.sina.cn/?vt=4&pos=108
娱乐,2,https://ent.sina.cn/?vt=4&pos=108
军事,3,https://mil.sina.cn/?vt=4&pos=108
汽车,4,http://auto.sina.cn/?vt=4&pos=108
科技,5,https://tech.sina.cn/?vt=4&pos=108
视频,6,http://video.sina.cn/?vt=4&pos=108
美图,7,https://photo.sina.cn/?vt=4&pos=108
NBA,8,http://nba.sina.cn/?vt=4&pos=108
博客,9,http://blog.sina.cn/?vt=4&pos=108
房产,10,http://m.leju.com/?vt=4&pos=108#source=m_sina_dbdh&source_ext=sina
股票,11,http://finance.sina.cn/stock?vt=4&pos=108
游戏,12,http://games.sina.cn/?vt=4&pos=108
小说,13,http://book.sina.cn/?wm=book_wap_0043&vt=4&pos=108
星座,14,http://ast.sina.cn/?vt=4&pos=108
教育,15,https://edu.sina.cn/?vt=4&pos=108
女性,16,http://eladies.sina.cn/?vt=4&pos=108
健康,17,http://health.sina.cn/?vt=4&pos=108
微博,18,http://weibo.cn/?vt=4&pos=108
更多,19,http://sina.cn/index/nav?vt=4&pos=108
